Temp	Dilation
23.124	4.61E-05
23.095	2.42E-05
23.141	3.17E-05
23.081	3.20E-05
23.121	3.07E-05
23.113	3.73E-05
23.095	3.04E-05
23.107	3.57E-05
23.065	2.98E-05
23.098	5.24E-05
23.149	3.41E-05
23.062	3.26E-05
23.112	3.10E-05
23.106	2.77E-05
23.135	2.87E-05
23.045	2.76E-05
23.08	2.81E-05
23.171	3.27E-05
23.046	2.84E-05
23.075	2.82E-05
23.09	3.01E-05
23.112	4.41E-05
23.038	2.45E-05
23.115	1.76E-05
23.14	2.38E-05
23.255	2.14E-05
23.518	2.53E-05
24.25	3.25E-05
25.24	2.23E-05
26.153	5.67E-05
27.262	9.08E-05
28.358	1.22E-04
29.487	1.69E-04
30.615	2.23E-04
31.803	2.85E-04
32.821	3.58E-04
33.797	3.83E-04
34.915	4.39E-04
36.075	5.14E-04
37.033	5.48E-04
38.044	6.10E-04
39.197	6.88E-04
40.247	7.72E-04
41.288	8.07E-04
42.384	8.86E-04
43.367	9.42E-04
44.413	0.00101
45.501	0.0011
46.497	0.00117
47.558	0.00123
48.633	0.0013
49.663	0.00135
50.678	0.00144
51.746	0.00152
52.824	0.00163
53.728	0.00168
54.802	0.00176
55.824	0.00185
56.818	0.00191
57.82	0.00199
58.899	0.00207
59.921	0.00215
60.974	0.00224
62.015	0.0023
62.961	0.00237
64.004	0.00244
65.063	0.00252
66.009	0.00261
67.034	0.00268
68.075	0.00275
69.141	0.0028
70.04	0.0029
71.184	0.00297
72.106	0.00304
73.082	0.00312
74.146	0.00318
75.167	0.00327
76.09	0.00335
77.167	0.00342
78.193	0.00348
79.138	0.00355
80.191	0.00364
81.227	0.00373
82.11	0.00381
83.176	0.00389
84.231	0.00395
85.159	0.00402
86.197	0.00409
87.231	0.00417
88.239	0.00424
89.337	0.00433
90.286	0.00442
91.108	0.00449
92.207	0.00456
93.328	0.00464
94.332	0.00472
95.332	0.00479
96.26	0.00486
97.263	0.00493
98.297	0.00501
99.287	0.00507
100.22	0.00515
101.23	0.00522
102.27	0.00528
103.28	0.00536
104.28	0.00545
105.28	0.0055
106.24	0.0056
107.33	0.00566
108.3	0.00575
109.19	0.00582
110.24	0.00589
111.21	0.00596
112.26	0.00603
113.28	0.0061
114.36	0.00619
115.46	0.00628
116.4	0.00636
117.4	0.00643
118.36	0.00649
119.42	0.00657
120.48	0.00665
121.38	0.00671
122.42	0.00679
123.39	0.00687
124.32	0.00696
125.36	0.00703
126.45	0.00712
127.38	0.0072
128.52	0.00729
129.49	0.00736
130.43	0.00744
131.44	0.00751
132.49	0.0076
133.33	0.00767
134.38	0.00773
135.51	0.00783
136.51	0.00789
137.44	0.00797
138.47	0.00806
139.35	0.00813
140.42	0.00824
141.47	0.00829
142.43	0.00839
143.54	0.00845
144.49	0.00853
145.51	0.0086
146.39	0.00868
147.45	0.00876
148.44	0.00886
149.47	0.00895
150.58	0.00902
151.43	0.00907
152.5	0.00918
153.54	0.00926
154.45	0.00931
155.47	0.00943
156.58	0.0095
157.54	0.00958
158.56	0.00967
159.48	0.00974
160.57	0.0098
161.52	0.0099
162.53	0.00997
163.55	0.01006
164.53	0.01013
165.44	0.0102
166.54	0.0103
167.51	0.01037
168.48	0.01046
169.58	0.01054
170.54	0.01062
171.43	0.01071
172.55	0.01079
173.61	0.01086
174.55	0.01096
175.53	0.01101
176.6	0.01113
177.56	0.01119
178.5	0.01127
179.65	0.01135
180.53	0.01144
181.49	0.01152
182.59	0.0116
183.51	0.01168
184.58	0.01176
185.6	0.01182
186.6	0.01189
187.52	0.01197
188.59	0.01203
189.63	0.01213
190.52	0.0122
191.58	0.01228
192.6	0.01236
193.48	0.01243
194.53	0.01251
195.58	0.01262
196.54	0.01267
197.55	0.01277
198.55	0.01284
199.44	0.01293
200.47	0.01302
201.55	0.01309
202.51	0.01318
203.52	0.01325
204.64	0.01336
205.62	0.01342
206.54	0.01351
207.66	0.01361
208.75	0.01368
209.62	0.01376
210.54	0.01384
211.57	0.01392
212.64	0.01402
213.57	0.01409
214.54	0.01419
215.6	0.01425
216.56	0.01434
217.53	0.01445
218.49	0.01455
219.55	0.01463
220.53	0.01471
221.51	0.01483
222.5	0.01489
223.56	0.01498
224.51	0.01506
225.54	0.01515
226.49	0.01523
227.58	0.0153
228.44	0.01539
229.49	0.01547
230.51	0.01556
231.53	0.01565
232.39	0.01572
233.44	0.0158
234.55	0.01588
235.52	0.01596
236.48	0.01605
237.49	0.01614
238.57	0.01622
239.52	0.01627
240.52	0.01638
241.63	0.01647
242.6	0.01655
243.59	0.01661
244.48	0.01671
245.63	0.01683
246.58	0.0169
247.57	0.01699
248.53	0.01706
249.6	0.01714
250.56	0.01721
251.6	0.0173
252.49	0.0174
253.52	0.01749
254.53	0.01756
255.62	0.01764
256.51	0.0177
257.51	0.01779
258.56	0.01786
259.58	0.01796
260.57	0.01804
261.54	0.01811
262.53	0.0182
263.57	0.0183
264.57	0.01837
265.5	0.01847
266.53	0.01856
267.58	0.01863
268.55	0.01872
269.52	0.01879
270.5	0.01888
271.6	0.01896
272.58	0.01904
273.55	0.01913
274.56	0.0192
275.56	0.0193
276.57	0.01937
277.54	0.01945
278.41	0.01953
279.56	0.01963
280.6	0.01973
281.6	0.01982
282.49	0.01989
283.47	0.01996
284.51	0.02006
285.55	0.02013
286.67	0.02022
287.66	0.0203
288.69	0.0204
289.6	0.02047
290.61	0.02056
291.68	0.02065
292.65	0.02074
293.67	0.02082
294.74	0.02091
295.61	0.021
296.7	0.02108
297.67	0.02115
298.69	0.02125
299.68	0.02133
300.6	0.0214
301.65	0.02149
302.65	0.02159
303.7	0.02168
304.68	0.02176
305.6	0.02184
306.69	0.02193
307.72	0.02198
308.7	0.02207
309.6	0.02215
310.68	0.02226
311.62	0.02234
312.67	0.02244
313.65	0.02252
314.59	0.02258
315.52	0.02268
316.58	0.02277
317.62	0.02287
318.59	0.02293
319.64	0.02302
320.65	0.02312
321.57	0.02321
322.61	0.02327
323.61	0.02338
324.71	0.02347
325.64	0.02355
326.63	0.02364
327.64	0.02373
328.64	0.02381
329.58	0.0239
330.58	0.02398
331.61	0.02407
332.55	0.02416
333.64	0.02422
334.64	0.02432
335.63	0.0244
336.61	0.0245
337.59	0.02459
338.54	0.02467
339.71	0.02476
340.55	0.02483
341.59	0.02493
342.69	0.02502
343.6	0.0251
344.56	0.0252
345.66	0.02529
346.61	0.02537
347.66	0.02546
348.6	0.02554
349.68	0.02562
350.61	0.02574
351.73	0.02581
352.77	0.02591
353.67	0.02599
354.75	0.0261
355.84	0.02618
356.67	0.02627
357.7	0.02635
358.62	0.02642
359.65	0.02652
360.63	0.02662
361.61	0.0267
362.57	0.02677
363.66	0.02686
364.59	0.02695
365.6	0.02704
366.66	0.02714
367.57	0.02722
368.57	0.0273
369.68	0.0274
370.65	0.02748
371.63	0.02757
372.67	0.02767
373.58	0.02773
374.44	0.02783
375.66	0.02793
376.66	0.02802
377.63	0.02813
378.57	0.02821
379.59	0.02827
380.56	0.02838
381.64	0.02846
382.64	0.02854
383.59	0.02864
384.56	0.02873
385.64	0.02882
386.66	0.0289
387.57	0.029
388.66	0.02908
389.7	0.02918
390.6	0.02924
391.58	0.02933
392.63	0.02941
393.63	0.02951
394.53	0.02962
395.59	0.02969
396.63	0.02979
397.58	0.02988
398.55	0.02995
399.62	0.03005
400.54	0.03014
401.52	0.03023
402.59	0.03032
403.67	0.03041
404.62	0.03048
405.64	0.03059
406.68	0.03068
407.66	0.03077
408.58	0.03086
409.68	0.03092
410.6	0.03102
411.61	0.03111
412.59	0.03121
413.69	0.03129
414.7	0.03135
415.63	0.03145
416.61	0.03153
417.65	0.03161
418.55	0.03168
419.56	0.03177
420.57	0.03187
421.58	0.03196
422.51	0.03204
423.59	0.03213
424.51	0.03221
425.6	0.0323
426.47	0.03239
427.55	0.03248
428.64	0.03259
429.56	0.03268
430.61	0.03276
431.67	0.03286
432.69	0.03294
433.68	0.03304
434.59	0.03314
435.77	0.03323
436.66	0.03331
437.49	0.03338
438.61	0.03349
439.65	0.03357
440.66	0.03366
441.49	0.03374
442.59	0.03385
443.61	0.03395
444.67	0.034
445.65	0.03409
446.61	0.03417
447.59	0.03427
448.55	0.03434
449.76	0.03446
450.55	0.03455
451.5	0.03464
452.67	0.03475
453.6	0.03485
454.57	0.03494
455.56	0.03507
456.64	0.03515
457.66	0.03524
458.67	0.03531
459.61	0.03539
460.69	0.03551
461.58	0.03557
462.64	0.03567
463.69	0.03577
464.73	0.03585
465.71	0.03597
466.7	0.03603
467.74	0.03612
468.74	0.03623
469.69	0.03631
470.7	0.03641
471.64	0.03648
472.67	0.03656
473.65	0.03667
474.75	0.03676
475.61	0.03684
476.52	0.03694
477.66	0.03705
478.75	0.03715
479.62	0.03722
480.67	0.03728
481.8	0.0374
482.71	0.0375
483.74	0.03759
484.78	0.03767
485.71	0.03775
486.69	0.03784
487.79	0.03794
488.87	0.03804
489.71	0.03812
490.71	0.03821
491.69	0.0383
492.7	0.03837
493.74	0.03849
494.58	0.03857
495.6	0.03865
496.77	0.03876
497.69	0.03884
498.63	0.03893
499.74	0.03905
500.65	0.03912
501.65	0.03921
502.63	0.0393
503.64	0.0394
504.67	0.03948
505.71	0.03957
506.67	0.03966
507.8	0.03975
508.72	0.03984
509.67	0.03995
510.51	0.04001
511.67	0.04012
512.7	0.04021
513.65	0.0403
514.67	0.04041
515.7	0.04049
516.67	0.04058
517.57	0.04066
518.65	0.04076
519.62	0.04086
520.71	0.04094
521.63	0.04103
522.63	0.0411
523.56	0.04122
524.47	0.0413
525.63	0.0414
526.73	0.04149
527.71	0.04157
528.71	0.04169
529.73	0.04175
530.68	0.04186
531.71	0.04196
532.69	0.04204
533.75	0.04214
534.66	0.04222
535.64	0.04231
536.69	0.04243
537.72	0.0425
538.65	0.0426
539.66	0.04269
540.74	0.04277
541.64	0.04286
542.62	0.04296
543.66	0.04304
544.64	0.04316
545.57	0.04323
546.63	0.04332
547.61	0.04339
548.63	0.04351
549.64	0.04361
550.75	0.0437
551.68	0.04379
552.61	0.04388
553.65	0.04396
554.65	0.04407
555.63	0.04417
556.83	0.04427
557.73	0.04435
558.65	0.04442
559.68	0.04452
560.69	0.04461
561.58	0.04471
562.52	0.0448
563.67	0.04488
564.6	0.04495
565.56	0.04506
566.59	0.04515
567.73	0.04526
568.69	0.04535
569.76	0.04543
570.64	0.04551
571.66	0.04563
572.71	0.0457
573.73	0.04579
574.67	0.04587
575.66	0.04598
576.6	0.04607
577.61	0.04617
578.67	0.04628
579.65	0.04634
580.49	0.04642
581.61	0.04653
582.71	0.0466
583.58	0.0467
584.64	0.04679
585.7	0.04688
586.59	0.04697
587.61	0.04706
588.66	0.04717
589.71	0.04727
590.64	0.04736
591.67	0.04744
592.69	0.04755
593.67	0.04761
594.65	0.0477
595.65	0.04781
596.65	0.04788
597.7	0.04798
598.54	0.04808
599.58	0.04816
600.71	0.04825
601.63	0.04832
602.53	0.04841
603.59	0.04854
604.58	0.04861
605.54	0.04868
606.65	0.04879
607.64	0.04888
608.53	0.04895
609.55	0.04905
610.52	0.04914
611.52	0.04922
612.57	0.04931
613.53	0.0494
614.48	0.04948
615.65	0.0496
616.57	0.04967
617.56	0.04977
618.63	0.04986
619.61	0.04994
620.61	0.05004
621.72	0.05013
622.56	0.05021
623.64	0.05031
624.65	0.0504
625.56	0.05047
626.59	0.05059
627.68	0.05066
628.73	0.05076
629.8	0.05086
630.75	0.05094
631.81	0.05103
632.7	0.0511
633.75	0.05122
634.84	0.05129
635.74	0.05135
636.73	0.05146
637.78	0.05156
638.63	0.05163
639.71	0.05171
640.76	0.05182
641.74	0.05191
642.67	0.05199
643.71	0.05209
644.69	0.05217
645.71	0.05228
646.7	0.05236
647.63	0.05244
648.71	0.05254
649.66	0.05263
650.72	0.05272
651.66	0.05281
652.69	0.0529
653.68	0.05298
654.57	0.05305
655.73	0.05315
656.66	0.05324
657.67	0.05333
658.75	0.05343
659.62	0.0535
660.68	0.05361
661.61	0.05369
662.63	0.05378
663.77	0.05387
664.57	0.05396
665.7	0.05405
666.57	0.05414
667.69	0.05423
668.71	0.05432
669.66	0.05443
670.68	0.05449
671.68	0.05459
672.72	0.05471
673.65	0.05478
674.75	0.0549
675.66	0.055
676.6	0.0551
677.78	0.05519
678.57	0.05525
679.57	0.05537
680.76	0.05549
681.75	0.05555
682.75	0.05564
683.45	0.0557
684.63	0.05584
685.7	0.05593
686.7	0.05602
687.77	0.05609
688.67	0.05619
689.72	0.05626
690.65	0.05635
691.72	0.05648
692.74	0.05655
693.77	0.05665
694.71	0.05673
695.7	0.05681
696.72	0.05689
697.7	0.05698
698.69	0.05708
699.6	0.05716
699.6	0.05716
701	0.05725
701.85	0.05724
702.73	0.05726
703.68	0.05727
704.73	0.05732
705.72	0.05736
706.64	0.0574
707.68	0.05745
708.72	0.05752
709.66	0.05758
710.73	0.05765
711.7	0.05772
712.79	0.0578
714.1	0.05792
715.02	0.05798
715.91	0.05802
716.81	0.05808
717.72	0.05814
718.78	0.05821
719.69	0.05826
720.71	0.05834
721.65	0.05841
722.69	0.05848
723.69	0.05856
724.67	0.05862
725.65	0.0587
726.63	0.05877
727.68	0.05883
728.64	0.05889
729.74	0.05898
730.58	0.05902
731.77	0.0591
732.62	0.05915
733.75	0.05924
734.64	0.0593
735.69	0.05938
736.65	0.05944
737.68	0.05952
738.71	0.0596
739.63	0.05964
740.74	0.05971
741.7	0.05978
742.63	0.05984
743.71	0.05992
744.72	0.05999
745.74	0.06006
746.7	0.06012
747.75	0.06019
748.64	0.06025
749.73	0.06032
750.71	0.06038
751.68	0.06044
752.69	0.06049
753.65	0.06054
754.68	0.06061
755.68	0.06068
756.62	0.06073
757.69	0.0608
758.69	0.06086
759.64	0.06091
760.65	0.06098
761.62	0.06102
762.72	0.06109
763.67	0.06115
764.68	0.06119
765.69	0.06125
766.72	0.0613
767.71	0.06137
768.71	0.06143
769.64	0.06148
770.68	0.06154
771.7	0.06162
772.67	0.06166
773.69	0.06171
774.68	0.06177
775.6	0.06183
776.7	0.06191
777.73	0.06197
778.65	0.06202
779.74	0.0621
780.67	0.06215
781.69	0.0622
782.67	0.06225
783.7	0.06232
784.69	0.06239
785.68	0.06244
786.71	0.06251
787.64	0.06257
788.7	0.06263
789.64	0.06269
790.67	0.06274
791.71	0.06279
792.67	0.06284
793.67	0.06291
794.71	0.06297
795.7	0.06304
796.68	0.0631
797.68	0.06315
798.66	0.06321
799.7	0.06328
800.73	0.06334
801.67	0.06339
802.67	0.06345
803.69	0.06351
804.67	0.06356
805.68	0.06362
806.71	0.06369
807.6	0.06373
808.7	0.0638
809.64	0.06384
810.7	0.06391
811.59	0.06396
812.69	0.06402
813.71	0.06409
814.75	0.06415
815.67	0.0642
816.69	0.06426
817.67	0.06431
818.7	0.06438
819.68	0.06442
820.73	0.06449
821.71	0.06455
822.66	0.06459
823.64	0.06464
824.67	0.0647
825.66	0.06476
826.69	0.06482
827.67	0.06486
828.67	0.0649
829.72	0.06495
830.67	0.06499
831.68	0.06502
832.7	0.06505
833.65	0.06506
834.65	0.06508
835.66	0.0651
836.66	0.0651
837.64	0.06509
838.69	0.06508
839.69	0.06508
840.62	0.06507
841.69	0.06505
842.65	0.06504
843.69	0.06502
844.67	0.06499
845.66	0.06496
846.71	0.06492
847.67	0.06486
848.63	0.0648
849.69	0.06474
850.71	0.06467
851.63	0.06458
852.69	0.06448
853.64	0.06435
854.66	0.06424
855.66	0.06413
856.71	0.06401
857.67	0.06387
858.63	0.06373
859.69	0.06357
860.67	0.06341
861.68	0.06327
862.63	0.06309
863.73	0.06293
864.69	0.06275
865.7	0.06258
866.67	0.06239
867.72	0.0622
868.62	0.06199
869.69	0.0618
870.67	0.06159
871.64	0.06138
872.65	0.06117
873.67	0.06096
874.67	0.06074
875.66	0.06052
876.66	0.0603
877.7	0.06007
878.64	0.05982
879.62	0.0596
880.65	0.05935
881.68	0.05912
882.66	0.05887
883.67	0.05865
884.67	0.05839
885.61	0.05815
886.73	0.05792
887.69	0.05768
888.65	0.05743
889.64	0.05719
890.71	0.05695
891.64	0.05671
892.66	0.05647
893.69	0.05625
894.66	0.05602
895.69	0.05579
896.66	0.05556
897.68	0.05534
898.64	0.05509
899.71	0.05485
900.69	0.05461
901.68	0.0544
902.67	0.0542
903.69	0.054
904.65	0.0538
905.67	0.05361
906.65	0.05343
907.7	0.05325
908.69	0.05308
909.7	0.05293
910.7	0.05279
911.61	0.05261
912.75	0.05249
913.64	0.05233
914.7	0.05222
915.67	0.0521
916.65	0.05198
917.66	0.05186
918.67	0.05178
919.69	0.0517
920.68	0.05161
921.67	0.05153
922.71	0.05145
923.69	0.05139
924.66	0.05132
925.64	0.05126
926.68	0.05121
927.69	0.05118
928.74	0.05115
929.65	0.05109
930.68	0.05107
931.67	0.05104
932.73	0.05103
933.59	0.05101
934.74	0.051
935.64	0.05098
936.73	0.05098
937.64	0.05096
938.7	0.05097
939.67	0.05097
940.77	0.05096
941.63	0.05097
942.69	0.05097
943.61	0.05096
944.68	0.05097
945.62	0.05098
946.7	0.05099
947.62	0.05101
948.69	0.05102
949.65	0.05104
950.7	0.05105
951.68	0.05106
952.67	0.05107
953.68	0.05108
954.67	0.0511
955.69	0.0511
956.65	0.05111
957.67	0.05113
958.7	0.05115
959.68	0.05119
960.72	0.05121
961.65	0.05124
962.67	0.05128
963.66	0.05132
964.63	0.05135
965.71	0.05139
966.71	0.05143
967.63	0.05147
968.73	0.05153
969.63	0.05156
970.7	0.05161
971.71	0.05166
972.65	0.05169
973.72	0.05174
974.65	0.05179
975.72	0.05184
976.64	0.0519
977.7	0.05197
978.66	0.05202
979.65	0.05208
980.68	0.05213
981.68	0.05218
982.69	0.05224
983.69	0.05229
984.71	0.05234
985.66	0.05239
986.71	0.05245
987.62	0.0525
988.71	0.05258
989.65	0.05262
990.71	0.0527
991.69	0.05276
992.69	0.05282
993.71	0.05288
994.66	0.05294
995.65	0.05301
996.65	0.05308
997.66	0.05314
998.65	0.0532
999.66	0.05328
1000.6	0.05336
1001.7	0.05344
1002.7	0.05351
1003.7	0.05357
1004.7	0.05365
1005.7	0.05373
1006.7	0.05382
1007.8	0.05391
1008.6	0.05398
1009.7	0.05408
1010.6	0.05414
1011.7	0.05423
1012.7	0.05433
1013.7	0.0544
1014.7	0.05448
1015.7	0.05458
1016.6	0.05467
1017.7	0.05478
1018.7	0.05491
1019.7	0.055
1020.7	0.05511
1021.7	0.05519
1022.7	0.05529
1023.7	0.05539
1024.6	0.05549
1025.7	0.05558
1026.7	0.05568
1027.6	0.05577
1028.7	0.05588
1029.6	0.05598
1030.7	0.05608
1031.7	0.05617
1032.7	0.05627
1033.7	0.05636
1034.7	0.05649
1035.7	0.0566
1036.7	0.0567
1037.7	0.05678
1038.7	0.05688
1039.6	0.05697
1040.7	0.05712
1041.7	0.05722
1042.7	0.05732
1043.7	0.05742
1044.6	0.05751
1045.7	0.05762
1046.6	0.05771
1047.7	0.05785
1048.7	0.05795
1048.9	0.05796
1050	0.05799
1050	0.05786
1050	0.05769
1050	0.05752
1050	0.0574
1050	0.05727
1050	0.05718
1050	0.05705
1050	0.05694
1050	0.05685
1050	0.05676
1050	0.05668
1050	0.05661
1050	0.05654
1050	0.05646
1050	0.05639
1050	0.05631
1050	0.05626
1050	0.05622
1050	0.05616
1050	0.0561
1050	0.05605
1050	0.05602
1050	0.05598
1050	0.05593
1050	0.05589
1050	0.05584
1050	0.05581
1050	0.05579
1050	0.05575
1050	0.05571
1050	0.05568
1050	0.05565
1050	0.0556
1050	0.05557
1050	0.05554
1050	0.05552
1050	0.05549
1050	0.05547
1050	0.05544
1050	0.05541
1050	0.0554
1050	0.05538
1050	0.05536
1050	0.05534
1050	0.05532
1050	0.05532
1050	0.05528
1050	0.05528
1050	0.05526
1050	0.05522
1050	0.05519
1050	0.05517
1050	0.05517
1050	0.05515
1050	0.05512
1050	0.05509
1050	0.05508
1050	0.05505
1050	0.05502
1049.7	0.055
1048.6	0.05482
1047.5	0.05466
1046.5	0.05452
1045.5	0.05439
1044.5	0.05423
1043.5	0.05408
1042.5	0.05393
1041.4	0.05376
1040.5	0.05362
1039.6	0.05349
1038.4	0.05333
1037.6	0.05319
1036.6	0.05306
1035.5	0.05293
1034.6	0.05278
1033.4	0.05261
1032.4	0.05248
1031.6	0.05234
1030.3	0.05221
1029.5	0.05206
1028.5	0.05189
1027.4	0.05176
1026.4	0.0516
1025.4	0.05147
1024.5	0.05133
1023.5	0.05119
1022.5	0.05108
1021.5	0.05095
1020.5	0.05084
1019.6	0.05066
1018.5	0.05053
1017.4	0.05039
1016.4	0.05022
1015.4	0.0501
1014.4	0.04995
1013.5	0.04984
1012.5	0.04965
1011.4	0.04952
1010.5	0.04939
1009.5	0.04923
1008.5	0.04908
1007.6	0.04895
1006.4	0.04877
1005.5	0.04865
1004.4	0.04847
1003.4	0.04832
1002.4	0.04816
1001.3	0.04803
1000.4	0.0479
999.44	0.04773
998.39	0.0476
997.42	0.04747
996.27	0.04732
995.34	0.04718
994.29	0.04701
993.49	0.0469
992.48	0.04676
991.49	0.04661
990.48	0.04647
989.44	0.04631
988.51	0.0462
987.29	0.04604
986.44	0.04589
985.41	0.04573
984.32	0.04558
983.56	0.04546
982.41	0.04529
981.52	0.04515
980.44	0.04498
979.42	0.04485
978.32	0.0447
977.51	0.04458
976.27	0.04442
975.33	0.04426
974.31	0.04409
973.4	0.04398
972.47	0.04383
971.34	0.04366
970.46	0.04355
969.37	0.0434
968.48	0.04327
967.51	0.04314
966.45	0.04297
965.49	0.04283
964.34	0.04267
963.38	0.04255
962.58	0.04242
961.38	0.04226
960.44	0.0421
959.35	0.04197
958.36	0.04183
957.49	0.04171
956.47	0.04152
955.48	0.04139
954.44	0.04126
953.47	0.04113
952.49	0.04097
951.38	0.04081
950.52	0.04068
949.51	0.04056
948.38	0.04039
947.54	0.04027
946.47	0.04012
945.43	0.03998
944.49	0.03983
943.47	0.03972
942.52	0.03958
941.43	0.03941
940.52	0.03927
939.41	0.03913
938.43	0.03901
937.41	0.03885
936.49	0.0387
935.31	0.03854
934.5	0.03841
933.44	0.03826
932.46	0.03813
931.49	0.038
930.37	0.03783
929.46	0.03773
928.46	0.03759
927.49	0.03739
926.32	0.03726
925.47	0.03715
924.39	0.037
923.5	0.03687
922.39	0.03667
921.39	0.03657
920.49	0.03643
919.36	0.03629
918.53	0.03617
917.47	0.03599
916.39	0.03585
915.46	0.03574
914.54	0.03559
913.25	0.03541
912.47	0.03531
911.43	0.03517
910.46	0.03503
909.46	0.03485
908.4	0.03468
907.44	0.03454
906.43	0.03436
905.44	0.03425
904.4	0.03408
903.46	0.03394
902.35	0.03379
901.49	0.03365
900.44	0.03352
899.69	0.03337
898.51	0.0332
897.46	0.03304
896.29	0.03292
895.5	0.0328
894.5	0.03267
893.54	0.03254
892.5	0.03243
891.44	0.03226
890.54	0.03212
889.4	0.03197
888.32	0.03184
887.34	0.03171
886.4	0.03156
885.25	0.03142
884.36	0.03129
883.31	0.03116
882.3	0.03101
881.32	0.03088
880.23	0.03072
879.28	0.03056
878.39	0.03046
877.36	0.03032
876.25	0.03019
875.38	0.03004
874.38	0.02988
873.35	0.02975
872.38	0.02962
871.37	0.02947
870.31	0.02934
869.29	0.02918
868.46	0.02904
867.39	0.02888
866.26	0.02871
865.28	0.0286
864.38	0.02848
863.3	0.02836
862.37	0.02821
861.37	0.02806
860.38	0.02792
859.33	0.02781
858.39	0.02767
857.27	0.02751
856.27	0.02738
855.47	0.02727
854.42	0.02709
853.35	0.02694
852.34	0.0268
851.37	0.02667
850.27	0.02652
849.38	0.0264
848.33	0.02622
847.38	0.02613
846.49	0.02601
845.45	0.02584
844.46	0.02568
843.32	0.02554
842.32	0.02543
841.4	0.02528
840.35	0.02512
839.33	0.02498
838.43	0.02487
837.34	0.02471
836.35	0.02458
835.36	0.02442
834.44	0.02429
833.45	0.02416
832.46	0.02403
831.37	0.02389
830.44	0.02374
829.36	0.02359
828.43	0.02348
827.35	0.02333
826.39	0.02318
825.38	0.02305
824.41	0.02294
823.33	0.02277
822.34	0.02262
821.37	0.02249
820.39	0.02236
819.47	0.02221
818.43	0.02205
817.42	0.02194
816.4	0.0218
815.5	0.02166
814.37	0.02149
813.44	0.02138
812.33	0.02122
811.35	0.02111
810.4	0.02097
809.33	0.02083
808.34	0.02069
807.31	0.02054
806.29	0.02039
805.39	0.02029
804.41	0.02015
803.38	0.01999
802.39	0.01986
801.36	0.01972
800.46	0.01958
799.38	0.01943
798.38	0.0193
797.37	0.01916
796.43	0.01903
795.49	0.01888
794.36	0.01873
793.33	0.01857
792.39	0.01845
791.39	0.01832
790.36	0.01817
789.43	0.01802
788.39	0.01787
787.37	0.01772
786.41	0.01761
785.38	0.01745
784.4	0.01731
783.45	0.01717
782.45	0.01707
781.53	0.01692
780.42	0.01679
779.36	0.01663
778.38	0.01648
777.46	0.01635
776.45	0.01623
775.46	0.01608
774.46	0.01593
773.43	0.01579
772.45	0.01568
771.49	0.01553
770.45	0.01539
769.39	0.01522
768.4	0.01513
767.37	0.01499
766.48	0.01485
765.45	0.0147
764.38	0.01449
763.37	0.01435
762.5	0.01421
761.44	0.01404
760.47	0.01393
759.42	0.01379
758.5	0.01365
757.58	0.01352
756.39	0.01336
755.39	0.01323
754.43	0.01311
753.55	0.01299
752.42	0.0128
751.51	0.01272
750.43	0.01256
749.56	0.01243
748.48	0.01225
747.47	0.01212
746.43	0.01198
745.36	0.01187
744.38	0.01171
743.4	0.01158
742.36	0.01145
741.32	0.01131
740.37	0.01118
739.53	0.01105
738.43	0.0109
737.43	0.01076
736.46	0.01063
735.43	0.01049
734.45	0.01036
733.47	0.01021
732.34	0.01009
731.49	0.00996
730.43	0.00981
729.45	0.00964
728.47	0.00954
727.35	0.00936
726.34	0.00924
725.47	0.00909
724.43	0.00893
723.43	0.00882
722.38	0.00868
721.33	0.00852
720.36	0.00839
719.37	0.00826
718.3	0.00812
717.24	0.00796
716.29	0.00784
715.28	0.00771
714.25	0.00757
713.43	0.00747
712.32	0.0073
711.29	0.00715
710.29	0.00702
709.26	0.00685
708.33	0.00673
707.24	0.00661
706.35	0.00645
705.27	0.00634
704.23	0.00618
703.31	0.00605
702.34	0.00594
701.41	0.00579
700.33	0.00564
699.33	0.0055
698.37	0.00539
697.23	0.00521
696.33	0.00511
695.26	0.00495
694.44	0.00481
693.27	0.00462
692.27	0.00448
691.18	0.00437
690.35	0.00429
689.33	0.00414
688.2	0.00396
687.31	0.00384
686.27	0.00369
685.25	0.00356
684.26	0.0034
683.24	0.0033
682.38	0.00318
681.34	0.00302
680.32	0.00287
679.35	0.00275
678.27	0.00261
677.41	0.00251
676.31	0.00235
675.34	0.0022
674.37	0.00207
673.3	0.00192
672.24	0.00178
671.28	0.00165
670.27	0.00152
669.28	0.0014
668.37	0.00124
667.41	0.00111
666.32	9.49E-04
665.18	8.18E-04
664.3	7.16E-04
663.31	6.01E-04
662.36	4.50E-04
661.43	3.25E-04
660.34	1.71E-04
659.38	3.94E-05
658.4	-1.07E-04
657.37	-2.19E-04
656.31	-3.53E-04
655.41	-4.57E-04
654.44	-6.26E-04
653.36	-7.59E-04
652.46	-8.68E-04
651.38	-9.97E-04
650.44	-0.00111
649.34	-0.00129
648.41	-0.0014
647.41	-0.00154
646.37	-0.00165
645.31	-0.0018
644.38	-0.00193
643.39	-0.00206
642.38	-0.0022
641.39	-0.0023
640.38	-0.00246
639.29	-0.00261
638.24	-0.00273
637.29	-0.00284
636.34	-0.00297
635.37	-0.0031
634.39	-0.00323
633.39	-0.00335
632.39	-0.00347
631.37	-0.00361
630.46	-0.00372
629.27	-0.00387
628.24	-0.00398
627.38	-0.00408
626.34	-0.00421
625.39	-0.00435
624.36	-0.00447
623.37	-0.0046
622.32	-0.00473
621.39	-0.00482
620.42	-0.00494
619.33	-0.00507
618.34	-0.00518
617.36	-0.0053
616.34	-0.00545
615.4	-0.00556
614.34	-0.00569
613.33	-0.00584
612.33	-0.00597
611.31	-0.00609
610.37	-0.00623
609.41	-0.00632
608.4	-0.00644
607.38	-0.00656
606.35	-0.00668
605.37	-0.00681
604.36	-0.00691
603.35	-0.00703
602.42	-0.00713
601.4	-0.00725
600.43	-0.00737
599.42	-0.00746
598.48	-0.00757
597.42	-0.00769
596.32	-0.00781
595.35	-0.0079
594.36	-0.008
593.4	-0.00811
592.31	-0.00822
591.33	-0.00834
590.28	-0.00846
589.39	-0.00855
588.38	-0.00867
587.36	-0.00877
586.4	-0.00893
585.36	-0.00901
584.29	-0.00912
583.38	-0.0092
582.39	-0.00932
581.31	-0.00942
580.43	-0.00952
579.44	-0.0096
578.37	-0.00974
577.36	-0.00986
576.41	-0.00995
575.43	-0.01008
574.39	-0.01017
573.29	-0.01029
572.4	-0.01038
571.32	-0.01048
570.31	-0.01058
569.44	-0.01068
568.36	-0.01079
567.33	-0.0109
566.38	-0.01101
565.37	-0.01111
564.31	-0.01122
563.38	-0.01131
562.38	-0.01139
561.39	-0.01145
560.42	-0.01156
559.4	-0.01166
558.4	-0.01178
557.45	-0.01185
556.5	-0.01193
555.43	-0.01201
554.33	-0.01212
553.4	-0.01223
552.39	-0.01231
551.42	-0.01237
550.45	-0.01246
549.42	-0.01254
548.4	-0.01261
547.3	-0.01268
546.3	-0.01277
545.27	-0.01285
544.34	-0.01294
543.33	-0.013
542.31	-0.01308
541.38	-0.01315
540.27	-0.01324
539.24	-0.01331
538.3	-0.01334
537.28	-0.01342
536.3	-0.01349
535.32	-0.01355
534.27	-0.01361
533.38	-0.01366
532.45	-0.01373
531.37	-0.01379
530.39	-0.01383
529.42	-0.01388
528.4	-0.01392
527.37	-0.01398
526.39	-0.01402
525.37	-0.01407
524.34	-0.01412
523.38	-0.01413
522.44	-0.01419
521.4	-0.01423
520.46	-0.01426
519.41	-0.01427
518.36	-0.0143
517.39	-0.0143
516.39	-0.01432
515.44	-0.01434
514.32	-0.01436
513.47	-0.01437
512.4	-0.01437
511.49	-0.01438
510.39	-0.01439
509.41	-0.01438
508.46	-0.0144
507.42	-0.0144
506.43	-0.01438
505.51	-0.01441
504.48	-0.01437
503.52	-0.01435
502.49	-0.01431
501.43	-0.01429
500.46	-0.01424
499.5	-0.01419
498.44	-0.01408
497.46	-0.01394
496.51	-0.01376
495.48	-0.01355
494.53	-0.01325
493.58	-0.01292
492.57	-0.01247
491.61	-0.01195
490.67	-0.01134
489.64	-0.01064
488.7	-0.00983
487.61	-0.00891
486.79	-0.00787
485.79	-0.00667
484.86	-0.00519
483.91	-0.00373
482.95	-0.00218
481.93	-4.88E-04
480.89	0.00124
479.84	0.00294
478.74	0.00461
477.53	0.00624
476.4	0.00773
475.33	0.00916
474.03	0.01042
472.88	0.01154
471.65	0.01253
470.53	0.01347
469.56	0.0143
468.51	0.01499
467.55	0.01554
466.48	0.01597
465.61	0.0164
464.65	0.01674
463.6	0.01703
462.67	0.0173
461.77	0.0175
460.75	0.01765
459.71	0.0178
458.85	0.01791
457.83	0.01804
456.76	0.01809
455.83	0.01816
454.81	0.01818
453.85	0.01823
452.99	0.01826
452.03	0.01829
451.04	0.01831
450.11	0.01829
449.1	0.0183
448.04	0.01829
447.07	0.01829
446.08	0.01828
445.09	0.01826
444.1	0.01827
443.15	0.01826
442.2	0.01824
441.23	0.01822
440.18	0.01821
439.18	0.01822
438.15	0.01819
437.22	0.01818
436.26	0.01815
435.2	0.01815
434.29	0.01811
433.26	0.01808
432.27	0.01806
431.27	0.01799
430.27	0.01798
429.27	0.01791
428.29	0.01788
427.22	0.01784
426.26	0.0178
425.26	0.01775
424.34	0.01768
423.38	0.01762
422.29	0.01755
421.26	0.01752
420.34	0.01746
419.37	0.01738
418.29	0.01731
417.3	0.01725
416.36	0.01717
415.28	0.01711
414.35	0.01704
413.24	0.01698
412.36	0.01693
411.3	0.01686
410.41	0.01678
409.38	0.01669
408.25	0.01664
407.3	0.01657
406.39	0.01651
405.39	0.01643
404.33	0.01636
403.43	0.01629
402.47	0.01623
401.45	0.01616
400.45	0.01607
399.41	0.01598
398.36	0.01592
397.32	0.01585
396.44	0.01577
395.4	0.01569
394.34	0.01561
393.4	0.01555
392.36	0.01545
391.35	0.01537
390.38	0.01531
389.38	0.01523
388.36	0.01514
387.37	0.01505
386.32	0.01497
385.3	0.01489
384.32	0.01482
383.39	0.0147
382.47	0.01466
381.47	0.01455
380.5	0.01446
379.41	0.01434
378.4	0.01426
377.33	0.01415
376.28	0.01406
375.31	0.01399
374.34	0.01392
373.29	0.01384
372.28	0.01377
371.36	0.01369
370.36	0.0136
369.33	0.01351
368.36	0.01343
367.33	0.01334
366.33	0.01324
365.24	0.01315
364.35	0.01308
363.35	0.01301
362.31	0.01291
361.33	0.01282
360.28	0.01274
359.34	0.01266
358.27	0.01257
357.35	0.01249
356.36	0.01242
355.36	0.01233
354.36	0.01223
353.33	0.01215
352.4	0.01206
351.35	0.01198
350.32	0.0119
349.32	0.01183
348.32	0.01172
347.34	0.01164
346.37	0.01159
345.36	0.0115
344.37	0.0114
343.37	0.01131
342.4	0.01121
341.33	0.01111
340.38	0.01104
339.39	0.01094
338.31	0.01086
337.38	0.01079
336.41	0.0107
335.35	0.01062
334.38	0.01053
333.29	0.01042
332.33	0.01035
331.39	0.01026
330.37	0.01018
329.42	0.0101
328.39	0.01002
327.45	0.00993
326.39	0.00982
325.43	0.00974
324.4	0.00965
323.37	0.00955
322.41	0.00949
321.38	0.00939
320.35	0.00929
319.34	0.00918
318.4	0.0091
317.42	0.00903
316.46	0.00895
315.46	0.00888
314.4	0.00877
313.33	0.00868
312.45	0.00861
311.3	0.00851
310.4	0.00842
309.43	0.00833
308.43	0.00825
307.4	0.00819
306.51	0.0081
305.53	0.00801
304.5	0.00791
303.44	0.00782
302.42	0.00773
301.44	0.00766
300.48	0.00759
299.46	0.0075
298.44	0.0074
297.44	0.0073
296.41	0.00722
295.44	0.00713
294.47	0.00705
293.45	0.00695
292.51	0.00686
291.41	0.00677
290.36	0.00668
289.36	0.00658
288.45	0.00653
287.39	0.00644
286.45	0.00637
285.42	0.00626
284.53	0.00617
283.52	0.00609
282.55	0.00598
281.49	0.0059
280.49	0.00581
279.47	0.00572
278.47	0.00562
277.49	0.00555
276.45	0.00547
275.44	0.00537
274.52	0.00528
273.38	0.00519
272.44	0.00511
271.52	0.00503
270.48	0.00492
269.54	0.00485
268.47	0.00476
267.52	0.00467
266.5	0.00459
265.4	0.00449
264.43	0.0044
263.45	0.00431
262.49	0.00424
261.54	0.00415
260.4	0.00407
259.44	0.00399
258.52	0.0039
257.47	0.00382
256.39	0.00368
255.46	0.00361
254.43	0.00354
253.42	0.00347
252.49	0.0034
251.5	0.00329
250.47	0.00321
249.5	0.00312
248.55	0.00304
247.45	0.00295
246.51	0.00287
245.44	0.00279
244.48	0.00268
243.47	0.00259
242.49	0.00252
241.48	0.00242
240.53	0.00235
239.49	0.00227
238.52	0.00218
237.52	0.0021
236.39	0.002
235.45	0.00191
234.44	0.00182
233.51	0.00174
232.54	0.00167
231.58	0.00159
230.59	0.0015
229.54	0.00142
228.56	0.00133
227.48	0.00123
226.45	0.00116
225.49	0.00107
224.54	9.83E-04
223.5	9.01E-04
222.61	8.07E-04
221.55	7.26E-04
220.51	6.48E-04
219.56	5.63E-04
218.56	4.81E-04
217.53	4.01E-04
216.46	3.21E-04
215.55	2.40E-04
214.65	1.44E-04
213.56	5.94E-05
212.51	-2.13E-05
211.67	-1.18E-04
210.67	-1.67E-04
209.49	-2.66E-04
208.51	-3.68E-04
207.49	-4.42E-04
206.5	-5.26E-04
205.44	-6.12E-04
204.37	-7.08E-04
203.35	-7.72E-04
202.38	-8.50E-04
201.49	-9.22E-04
200.58	-9.90E-04
199.51	-0.0011
198.53	-0.00119
197.45	-0.00128
196.5	-0.00135
195.52	-0.00143
194.59	-0.0015
193.55	-0.00159
192.51	-0.00168
191.52	-0.00178
190.52	-0.00184
189.58	-0.00193
188.51	-0.002
187.48	-0.00208
186.55	-0.00217
185.57	-0.00224
184.51	-0.00235
183.52	-0.00241
182.65	-0.00249
181.61	-0.00257
180.63	-0.00266
179.54	-0.00274
178.45	-0.00282
177.56	-0.0029
176.64	-0.00296
175.69	-0.00305
174.63	-0.00313
173.71	-0.0032
172.6	-0.00329
171.53	-0.00338
170.55	-0.00348
169.55	-0.00355
168.6	-0.00363
167.67	-0.00371
166.65	-0.00378
165.75	-0.00387
164.73	-0.00396
163.69	-0.00402
162.57	-0.00411
161.64	-0.0042
160.74	-0.00428
159.7	-0.00438
158.72	-0.00445
157.75	-0.00453
156.64	-0.0046
155.71	-0.00468
154.81	-0.00476
153.81	-0.00486
152.88	-0.00495
151.74	-0.00502
150.72	-0.0051
149.77	-0.00517
148.8	-0.00525
147.79	-0.00534
146.87	-0.00543
145.94	-0.00549
144.91	-0.00558
143.91	-0.00566
142.98	-0.00574
141.98	-0.00584
141	-0.00594
140.11	-0.00603
139.21	-0.00611
138.28	-0.00618
137.36	-0.00627
136.38	-0.00634
135.51	-0.00639
134.95	-0.00645
134.07	-0.00653
133.07	-0.00662
132.07	-0.00668
131.27	-0.00675
130.41	-0.00681
129.54	-0.00688
128.79	-0.00695
127.99	-0.007
127.21	-0.00707
126.39	-0.00712
125.55	-0.00719
124.81	-0.00726
124.05	-0.00733
123.46	-0.00739
122.63	-0.00744
121.86	-0.0075
121.12	-0.00756
120.41	-0.0076
119.76	-0.00765
119.06	-0.00768
118.36	-0.00774
117.72	-0.00778
117.02	-0.00784
116.31	-0.00789
115.72	-0.00795
115.03	-0.00799
114.45	-0.00804
113.82	-0.00809
113.1	-0.00813
112.55	-0.00819
111.9	-0.00824
111.32	-0.00828
110.79	-0.00833
110.26	-0.00837
109.58	-0.00843
109.03	-0.00845
108.44	-0.0085
108	-0.00855
107.66	-0.00859
107.09	-0.00864
106.32	-0.00869
105.69	-0.00871
105.2	-0.00877
104.72	-0.0088
104.24	-0.00883
103.71	-0.00887
103.24	-0.00891
102.61	-0.00894
102.2	-0.00898
101.75	-0.00904
101.31	-0.00907
100.78	-0.0091
100.31	-0.00913
99.89	-0.00917
99.435	-0.00921
98.87	-0.00924
98.518	-0.00927
97.978	-0.00931
97.564	-0.00934
97.2	-0.00937
96.75	-0.0094
96.379	-0.00943
95.889	-0.00946
95.482	-0.0095
95.146	-0.00952
94.772	-0.00955
94.299	-0.00958
93.844	-0.00961
93.513	-0.00965
93.281	-0.00969
92.899	-0.00971
92.399	-0.00974
91.992	-0.00978
91.669	-0.00981
91.353	-0.00984
91.005	-0.00986
90.611	-0.00987
90.274	-0.00991
89.984	-0.00994
89.632	-0.00996
89.213	-0.00999
88.876	-0.01002
88.611	-0.01005
88.401	-0.01006
87.936	-0.01008
87.599	-0.0101
87.376	-0.01011
87.066	-0.01015
86.708	-0.01018
86.39	-0.01021
86.138	-0.01021
85.881	-0.01025
85.536	-0.01028
85.216	-0.01031
84.975	-0.01033
84.631	-0.01035
84.236	-0.01036
83.829	-0.01039
83.792	-0.01041
83.554	-0.01043
83.326	-0.01045
83.026	-0.01048
82.755	-0.01051
82.492	-0.01052
82.281	-0.01054
81.997	-0.01055
81.72	-0.01058
81.477	-0.01059
81.322	-0.01061
80.963	-0.01063
80.716	-0.01064
80.486	-0.01067
80.382	-0.01068
80.089	-0.01069
79.79	-0.0107
79.567	-0.01073
79.342	-0.01075
79.192	-0.01076
78.857	-0.01078
78.666	-0.01079
78.55	-0.01082
78.27	-0.01082
78.062	-0.01084
77.811	-0.01087
77.611	-0.01088
77.54	-0.0109
77.146	-0.01091
77.007	-0.01094
76.771	-0.01095
76.684	-0.01096
76.424	-0.01099
76.222	-0.01099
76.074	-0.011
75.87	-0.01101
75.649	-0.01104
75.497	-0.01105
75.325	-0.01107
75.12	-0.01107
74.975	-0.0111
74.764	-0.01111
74.58	-0.01112
74.478	-0.01114
74.234	-0.01115
74.057	-0.01116
73.811	-0.01117
73.732	-0.01119
73.605	-0.0112
73.412	-0.01122
73.127	-0.01123
73.07	-0.01124
72.926	-0.01126
72.73	-0.01126
72.538	-0.01128
72.364	-0.01128
72.265	-0.01129
72.119	-0.0113
71.914	-0.01131
71.732	-0.01133
71.709	-0.01133
71.51	-0.01135
71.341	-0.01136
71.147	-0.01137
71.123	-0.01138
70.946	-0.0114
70.772	-0.01141
70.577	-0.01141
70.436	-0.01142
70.325	-0.01143
70.201	-0.01144
70.107	-0.01146
69.915	-0.01146
69.822	-0.01147
69.721	-0.01148
69.541	-0.01151
69.459	-0.01151
69.367	-0.01151
69.266	-0.01151
69.035	-0.01152
68.925	-0.01155
68.878	-0.01155
68.621	-0.01155
68.426	-0.01156
68.477	-0.01158
68.376	-0.0116
68.19	-0.0116
68.009	-0.0116
68.006	-0.01161
67.875	-0.01161
67.721	-0.01163
67.586	-0.01163
67.503	-0.01165
67.391	-0.01166
67.224	-0.01165
67.121	-0.01168
67.034	-0.01169
67.011	-0.01168
66.908	-0.0117
66.657	-0.01172
66.633	-0.01173
66.562	-0.01173
66.475	-0.01173
66.279	-0.01175
66.265	-0.01175
66.142	-0.01176
65.992	-0.01177
65.821	-0.01178
65.79	-0.01178
65.708	-0.0118
65.633	-0.0118
65.438	-0.01179
65.409	-0.01181
65.364	-0.01181
65.221	-0.01183
65.09	-0.01183
65.013	-0.01184
64.965	-0.01183
64.817	-0.01185
64.696	-0.01185
64.627	-0.01187
64.59	-0.01186
64.408	-0.01188
64.302	-0.01189
64.339	-0.01189
64.197	-0.0119
64.079	-0.01189
64.026	-0.01189
63.994	-0.0119
63.837	-0.0119
63.753	-0.01191
63.671	-0.01192
63.582	-0.01193
63.554	-0.01195
63.487	-0.01195
63.31	-0.01195
63.252	-0.01196
63.224	-0.01196
63.158	-0.01196
63.009	-0.01198
62.934	-0.01197
62.921	-0.01199
62.779	-0.01199
62.671	-0.012
62.544	-0.01201
62.585	-0.01201
62.406	-0.012
62.342	-0.01202
62.318	-0.01202
62.271	-0.01203
62.137	-0.01205
61.987	-0.01205
62.024	-0.01205
61.963	-0.01206
61.859	-0.01205
61.762	-0.01207
61.774	-0.01206
61.655	-0.01207
61.542	-0.01207
61.499	-0.01209
61.376	-0.01209
61.391	-0.01209
61.258	-0.01211
61.114	-0.01213
61.186	-0.01213
61.062	-0.01212
60.957	-0.01213
60.927	-0.01215
60.886	-0.01214
60.805	-0.01214
60.673	-0.01214
60.676	-0.01216
60.635	-0.01216
60.411	-0.01216
60.459	-0.01218
60.456	-0.01218
60.311	-0.01218
60.249	-0.01217
60.264	-0.01219
60.18	-0.0122
60.061	-0.01221
59.993	-0.01221
59.878	-0.01222
59.97	-0.01222
59.845	-0.01221
59.766	-0.01222
59.76	-0.01223
59.647	-0.01222
59.568	-0.01223
59.579	-0.01224
59.479	-0.01224
59.402	-0.01225
59.292	-0.01225
59.331	-0.01226
59.31	-0.01228
59.136	-0.01227
59.041	-0.01227
59.324	-0.01228
59.197	-0.01228
59.052	-0.01227
58.929	-0.0123
58.79	-0.01229
58.716	-0.0123
58.731	-0.01231
58.65	-0.0123
58.572	-0.01231
58.508	-0.01232
58.522	-0.01232
58.389	-0.01233
58.373	-0.01234
58.356	-0.01234
58.287	-0.01232
58.18	-0.01234
58.283	-0.01234
58.142	-0.01235
57.993	-0.01233
57.992	-0.01234
58.006	-0.01234
57.874	-0.01235
57.843	-0.01236
57.768	-0.01237
57.697	-0.01237
57.663	-0.01237
57.706	-0.01238
57.545	-0.01238
57.498	-0.01238
57.481	-0.01238
57.426	-0.01239
57.32	-0.01238
57.328	-0.0124
57.244	-0.0124
57.157	-0.0124
57.13	-0.01241
57.104	-0.01241
57.042	-0.01241
56.997	-0.01243
57.012	-0.01243
56.935	-0.01242
56.863	-0.01243
56.913	-0.01243
56.82	-0.01243
56.823	-0.01243
56.728	-0.01243
56.622	-0.01244
56.61	-0.01245
56.468	-0.01245
56.463	-0.01246
56.471	-0.01247
56.384	-0.01246
56.418	-0.01247
56.347	-0.01246
56.188	-0.01248
56.252	-0.01248
56.187	-0.01248
56.056	-0.01248
56.072	-0.01248
55.998	-0.01249
55.885	-0.01249
55.928	-0.01249
55.879	-0.0125
55.876	-0.0125
55.823	-0.01249
55.706	-0.0125
55.724	-0.01251
55.61	-0.0125
55.55	-0.01251
55.592	-0.01251
55.529	-0.01251
55.442	-0.01252
55.471	-0.01252
55.407	-0.01252
55.337	-0.01253
55.334	-0.01253
55.242	-0.01252
55.178	-0.01253
55.246	-0.01253
55.076	-0.01253
55.085	-0.01254
55.118	-0.01253
54.97	-0.01255
54.976	-0.01254
54.906	-0.01256
54.775	-0.01255
54.885	-0.01255
54.761	-0.01256
54.751	-0.01256
54.771	-0.01256
54.656	-0.01257
54.65	-0.01256
54.583	-0.01258
54.573	-0.01257
54.462	-0.01257
54.501	-0.01258
54.434	-0.01257
54.359	-0.01258
54.424	-0.01259
54.267	-0.0126
54.315	-0.01259
54.248	-0.01259
54.19	-0.01259
54.183	-0.0126
54.174	-0.01261
54.051	-0.01262
54.009	-0.01263
54.073	-0.01261
53.951	-0.01261
53.937	-0.01262
53.937	-0.01262
53.831	-0.01263
53.847	-0.01262
53.805	-0.01263
53.736	-0.01263
53.735	-0.01265
53.706	-0.01266
53.564	-0.01265
53.579	-0.01266
53.486	-0.01265
53.445	-0.01265
53.511	-0.01265
53.414	-0.01266
53.322	-0.01268
53.424	-0.01266
53.317	-0.01267
53.248	-0.01266
53.337	-0.01267
53.201	-0.01267
53.16	-0.01269
53.203	-0.01269
53.111	-0.01268
53.081	-0.0127
53.019	-0.01269
52.951	-0.01269
52.896	-0.01269
52.875	-0.0127
52.795	-0.01271
52.741	-0.01271
52.789	-0.01271
52.768	-0.0127
52.778	-0.01272
52.789	-0.01272
52.544	-0.01272
52.588	-0.01273
52.613	-0.01272
52.484	-0.01273
52.521	-0.01273
52.496	-0.01272
52.497	-0.01273
52.428	-0.01274
52.352	-0.01273
52.358	-0.01274
52.278	-0.01274
52.298	-0.01274
52.332	-0.01275
52.195	-0.01275
52.161	-0.01275
52.12	-0.01273
52.006	-0.01274
52.058	-0.01275
52.017	-0.01277
51.926	-0.01277
51.959	-0.01277
51.921	-0.01277
51.832	-0.01278
51.932	-0.01279
51.771	-0.01278
51.73	-0.01277
51.785	-0.01278
51.666	-0.01278
51.722	-0.01278
51.657	-0.01279
51.615	-0.0128
51.65	-0.01278
51.552	-0.0128
51.55	-0.0128
51.477	-0.0128
51.44	-0.01281
51.406	-0.01278
51.354	-0.01281
51.282	-0.01282
51.333	-0.01281
51.291	-0.01282
51.275	-0.01283
51.199	-0.01283
51.16	-0.01283
51.152	-0.01281
51.152	-0.01282
51.035	-0.01282
51.117	-0.01282
50.999	-0.01283
50.987	-0.01283
51.023	-0.01284
50.835	-0.01284
50.869	-0.01287
50.718	-0.01284
50.832	-0.01284
50.816	-0.01284
50.716	-0.01286
50.756	-0.01285
50.652	-0.01285
50.622	-0.01286
50.631	-0.01286
50.522	-0.01285
50.562	-0.01286
50.558	-0.01286
50.412	-0.01285
50.489	-0.01286
50.426	-0.01286
50.465	-0.01286
50.34	-0.01287
50.275	-0.01286
50.316	-0.0129
50.225	-0.01288
50.267	-0.01288
50.222	-0.01287
50.206	-0.01288
50.107	-0.01289
50.041	-0.0129
50.151	-0.01289
50.057	-0.01289
50.044	-0.01289
49.984	-0.01291
49.889	-0.01291
49.925	-0.01289
49.891	-0.0129
49.963	-0.0129
49.785	-0.01291
49.827	-0.0129
49.728	-0.01291
49.858	-0.01292
49.641	-0.01292
49.645	-0.01292
49.647	-0.01292
49.731	-0.01292
49.626	-0.01291
49.548	-0.01292
49.591	-0.01293
49.537	-0.01292
49.486	-0.01291
49.472	-0.01292
49.391	-0.01293
49.404	-0.01293
49.344	-0.01294
49.36	-0.01293
49.296	-0.01292
49.303	-0.01293
49.164	-0.01293
49.252	-0.01294
49.145	-0.01294
49.182	-0.01294
49.147	-0.01294
49.02	-0.01294
49.068	-0.01294
48.993	-0.01294
49.045	-0.01295
48.96	-0.01295
48.982	-0.01295
48.913	-0.01296
48.929	-0.01296
48.861	-0.01296
48.83	-0.01295
48.796	-0.01297
48.817	-0.01297
48.84	-0.01296
48.696	-0.01297
48.659	-0.01297
48.6	-0.01297
48.708	-0.01297
48.508	-0.01298
48.59	-0.01299
48.497	-0.01299
48.529	-0.01299
48.482	-0.01298
48.458	-0.01299
48.366	-0.01298
48.342	-0.01299
48.345	-0.013
48.289	-0.01299
48.358	-0.013
48.22	-0.013
48.287	-0.01301
48.161	-0.013
48.203	-0.01301
48.1	-0.01299
48.151	-0.01301
48.053	-0.013
48.133	-0.01299
47.975	-0.013
48.037	-0.01301
47.963	-0.013
47.935	-0.013
47.938	-0.013
47.811	-0.01301
47.925	-0.01302
47.809	-0.01302
47.795	-0.01302
47.769	-0.01302
47.79	-0.01303
47.699	-0.01302
47.717	-0.01303
47.654	-0.01303
47.629	-0.01302
47.619	-0.01301
47.535	-0.01304
47.568	-0.01304
47.554	-0.01304
47.515	-0.01304
47.479	-0.01304
47.405	-0.01305
47.427	-0.01303
47.32	-0.01305
47.459	-0.01305
47.254	-0.01304
47.338	-0.01307
47.209	-0.01306
47.331	-0.01305
47.166	-0.01306
47.274	-0.01306
47.243	-0.01305
47.117	-0.01305
47.111	-0.01307
47.059	-0.01306
47.098	-0.01306
46.982	-0.01307
47.067	-0.01306
46.923	-0.01306
47.001	-0.01306
46.989	-0.01307
46.917	-0.01307
46.977	-0.01307
46.879	-0.01307
46.883	-0.01308
46.774	-0.01308
46.778	-0.01309
46.749	-0.01308
46.751	-0.01307
46.742	-0.01308
46.64	-0.01309
46.658	-0.01308
46.647	-0.01308
46.613	-0.01307
46.543	-0.01309
46.516	-0.01309
46.497	-0.0131
46.509	-0.01308
46.554	-0.0131
46.404	-0.0131
46.42	-0.0131
46.368	-0.0131
46.388	-0.0131
46.376	-0.01311
46.307	-0.01311
46.306	-0.01311
46.258	-0.01311
46.289	-0.0131
46.273	-0.01312
46.452	-0.01311
46.417	-0.01312
46.197	-0.01311
46.098	-0.01312
46.069	-0.01313
46.092	-0.01312
46.002	-0.01311
46.06	-0.01313
46.002	-0.01313
46.007	-0.01312
45.913	-0.01314
45.839	-0.01313
45.927	-0.01312
45.898	-0.01313
45.924	-0.01312
45.773	-0.01313
45.794	-0.01312
45.779	-0.01313
45.733	-0.01313
45.691	-0.01314
45.588	-0.01313
45.677	-0.01314
45.607	-0.01314
45.673	-0.01314
45.553	-0.01315
45.609	-0.01314
45.48	-0.01315
45.529	-0.01315
45.514	-0.01316
45.406	-0.01315
